Seller,Number of reviews,grade (out of 5),Active listing,Kind of vendor
woodstock,34,"4,27",85,Diamond
donalddrugs,340,"4,97",151,Basic
qualityshop,51,"4,34",86,Gold
firebunny,484,"4,73",64,Basic
amphetamine,,,,
roiducannab,39,"4,75",47,Basic
thehammockc,,,,
tomandjerry,,,,
montecrypto,,,,
straightfromnl,,,,
marynaga,62,"4,55",548,Basic
eternos,,,,
centralbank,,,,
boyfootstep1,,,,
probitexcha,,,,
namedecline,,,,
kenza,,,,
sexyhomer,,,,
,,,,
,,,,
,,,,
,,,,
,,,,
,,,,
goldapple,,,,
drhack3r,,,,
,,,,
thedangeroustomato,,,,